url,arquivo,bytes,variante,status
http://static1.squarespace.com/static/627132feb555fb16cce33d60/63b5920b9f6d83140e46cb56/63b5920b9f6d83140e46cb57/1672927287942/Untitled_3.59.1.jpg,001_Untitled_3.59.1.jpg,238178,plain,ok
http://static1.squarespace.com/static/627132feb555fb16cce33d60/65495b108dbeea7bd4c8e85e/654989eec438956c16df794e/1701720291498/Untitled_1.3.4.PRE.jpg,002_Untitled_1.3.4.PRE.jpg,197781,plain,ok
http://static1.squarespace.com/static/627132feb555fb16cce33d60/65495b108dbeea7bd4c8e85e/6585e198a253c661b280e562/1703272974104/Capa-1140x683.jpg,003_Capa-1140x683.jpg,612598,plain,ok
http://static1.squarespace.com/static/627132feb555fb16cce33d60/65495b108dbeea7bd4c8e85e/67a750c824af7020aeba713c/1739018626803/Foto+de+Capa.jpg,004_Foto de Capa.jpg,326787,plain,ok
http://static1.squarespace.com/static/627132feb555fb16cce33d60/661aaf2716529635e6c39126/661aaf2716529635e6c391be/1713025154612/Untitled_1.27.1.jpg,005_Untitled_1.27.1.jpg,625722,plain,ok
http://static1.squarespace.com/static/627132feb555fb16cce33d60/661aaf2716529635e6c39126/665e306db0f0205941aba459/1717448868486/Untitled_1.1.2.jpg,006_Untitled_1.1.2.jpg,155764,plain,ok
http://static1.squarespace.com/static/627132feb555fb16cce33d60/661aaf2716529635e6c39126/6671c20f49eb5143d059eb46/1718731397942/Untitled_1.25.1.T.jpg,007_Untitled_1.25.1.T.jpg,312393,plain,ok
http://static1.squarespace.com/static/627132feb555fb16cce33d60/661aaf2716529635e6c39126/66bce2250fa3ab1b1dd0cd02/1723654775740/Untitled_1.21.1.jpg,008_Untitled_1.21.1.jpg,649799,plain,ok
http://static1.squarespace.com/static/627132feb555fb16cce33d60/661aaf2716529635e6c39126/66c78a8b4989d64a5b32dbb7/1724353229051/Untitled_1.17.2.jpg,009_Untitled_1.17.2.jpg,344400,plain,ok
http://static1.squarespace.com/static/627132feb555fb16cce33d60/661aaf2716529635e6c39126/6877d55aaa4bd732f112dd3d/1752685120728/Still+2025-06-18+180516_1.1.1.jpg,010_Still 2025-06-18 180516_1.1.1.jpg,492183,plain,ok
http://static1.squarespace.com/static/627132feb555fb16cce33d60/6657903efb08575d0f529516/6657903efb08575d0f5295c7/1717088066289/1.1.1_1.1.1-min.png,011_1.1.1_1.1.1-min.png,3202804,plain,ok
http://static1.squarespace.com/static/627132feb555fb16cce33d60/6657903efb08575d0f529516/6657921e1257e13abbe466bd/1717088134354/1.15.1_1.15.1-min.png,012_1.15.1_1.15.1-min.png,5683227,plain,ok
http://static1.squarespace.com/static/627132feb555fb16cce33d60/6657903efb08575d0f529516/665792fe1257e13abbe46773/1717015456168/Brand_product.png,013_Brand_product.png,330555,plain,ok
http://static1.squarespace.com/static/627132feb555fb16cce33d60/t/63b404121fc24d32ce8919d7/1672741908902/AVATARB.png,014_AVATARB.png,13302,plain,ok
http://static1.squarespace.com/static/627132feb555fb16cce33d60/t/659c44d1575958122d3a7e32/1704740050008/DSC01072_IG-min.jpg,015_DSC01072_IG-min.jpg,126803,plain,ok
http://static1.squarespace.com/static/627132feb555fb16cce33d60/t/65c3784f3a47fd0ae42878cc/1707309138842/mini-panel-md.jpg,016_mini-panel-md.jpg,45825,plain,ok
https://images.squarespace-cdn.com/content/v1/627132feb555fb16cce33d60/02e00d03-ecf3-46a7-b908-de1c660af3cb/Untitled_1.5.1.jpg,017_Untitled_1.5.1.jpg,707318,format=original,ok
https://images.squarespace-cdn.com/content/v1/627132feb555fb16cce33d60/02eb85c0-f07a-4904-b44c-e73999519895/CHILLIBEANS.PNG,018_CHILLIBEANS.PNG,20414,format=original,ok
https://images.squarespace-cdn.com/content/v1/627132feb555fb16cce33d60/03e2ab08-637e-43ea-9dca-869be6b2bf8c/nse-7225891555233830507-Screenshot_20240711_215144_Maps.jpg.jpg,019_nse-7225891555233830507-Screenshot_20240711_215144_Maps.jpg.jpg,145636,format=original,ok
https://images.squarespace-cdn.com/content/v1/627132feb555fb16cce33d60/0541999e-4061-4da5-92dc-0e84498da168/Still+2025-06-18+180516_1.10.2.PRE.jpg,020_Still 2025-06-18 180516_1.10.2.PRE.jpg,482156,format=original,ok
https://images.squarespace-cdn.com/content/v1/627132feb555fb16cce33d60/0596df60-3e2a-49e5-9236-333fb4d4a5cb/Untitled_1.28.2.jpg,021_Untitled_1.28.2.jpg,423696,format=original,ok
https://images.squarespace-cdn.com/content/v1/627132feb555fb16cce33d60/097e9310-8f60-47f1-8674-cccbebdfd041/INDIA+04.PNG,022_INDIA 04.PNG,4471114,format=original,ok
"https://images.squarespace-cdn.com/content/v1/627132feb555fb16cce33d60/097e9310-8f60-47f1-8674-cccbebdfd041/INDIA+04.PNG"",",023_INDIA 04.PNG__,4471114,format=original,ok
https://images.squarespace-cdn.com/content/v1/627132feb555fb16cce33d60/0ac96891-f211-4a57-b17d-0e73efe2f0b0/DSC01072_IG-min.jpg,024_DSC01072_IG-min.jpg,688892,format=original,ok
https://images.squarespace-cdn.com/content/v1/627132feb555fb16cce33d60/1390cb88-a223-4454-a5fb-664a6d8da2d6/Untitled_1.1.1.jpg,025_Untitled_1.1.1.jpg,221647,format=original,ok
"https://images.squarespace-cdn.com/content/v1/627132feb555fb16cce33d60/1390cb88-a223-4454-a5fb-664a6d8da2d6/Untitled_1.1.1.jpg"",",026_Untitled_1.1.1.jpg__,221647,format=original,ok
https://images.squarespace-cdn.com/content/v1/627132feb555fb16cce33d60/1672741906601-TKM4ZEHYP33PGVVQA1B7/AVATARB.png,027_AVATARB.png,13302,format=original,ok
https://images.squarespace-cdn.com/content/v1/627132feb555fb16cce33d60/1672927278153-R5W6MJW9WYPYSEH6KLMC/Untitled_3.59.1.jpg,028_Untitled_3.59.1.jpg,238178,format=original,ok
https://images.squarespace-cdn.com/content/v1/627132feb555fb16cce33d60/1675335402085-9DN0FTLWAMTPCUUQY0OO/unsplash-image-dpaJlLEIelc.jpg,029_unsplash-image-dpaJlLEIelc.jpg,186597,format=original,ok
https://images.squarespace-cdn.com/content/v1/627132feb555fb16cce33d60/1689257740412-QNO1F1GRPYMIPIQYFU45/Color+Wheel+Gold+on+Black%403x.png,030_Color Wheel Gold on Black_3x.png,645139,format=original,ok
https://images.squarespace-cdn.com/content/v1/627132feb555fb16cce33d60/1701720275120-LCVHLCPN2A68NAI1AKTP/Untitled_1.3.4.PRE.jpg,031_Untitled_1.3.4.PRE.jpg,197781,format=original,ok
https://images.squarespace-cdn.com/content/v1/627132feb555fb16cce33d60/1703272957987-XH1XBLPWMO9V060PDLH4/Capa-1140x683.jpg,032_Capa-1140x683.jpg,612598,format=original,ok
https://images.squarespace-cdn.com/content/v1/627132feb555fb16cce33d60/1713025146130-FSXC9KR29D63LC9V32CR/Untitled_1.27.1.jpg,033_Untitled_1.27.1.jpg,625722,format=original,ok
https://images.squarespace-cdn.com/content/v1/627132feb555fb16cce33d60/1717015442610-BF42FWMXSAFLYN2UCMU3/Brand_product.png,034_Brand_product.png,330555,format=original,ok
https://images.squarespace-cdn.com/content/v1/627132feb555fb16cce33d60/1717088034355-L0W7OH1PO26TB7KOKB0O/1.1.1_1.1.1-min.png,035_1.1.1_1.1.1-min.png,3202804,format=original,ok
https://images.squarespace-cdn.com/content/v1/627132feb555fb16cce33d60/1717088122298-OVZYNPJ8TNW16YWO0V0H/1.15.1_1.15.1-min.png,036_1.15.1_1.15.1-min.png,5683227,format=original,ok
https://images.squarespace-cdn.com/content/v1/627132feb555fb16cce33d60/1717448849036-BGMUB7FN2C5PEFIAPURS/Untitled_1.1.2.jpg,037_Untitled_1.1.2.jpg,155764,format=original,ok
https://images.squarespace-cdn.com/content/v1/627132feb555fb16cce33d60/1718731348279-RN8ELN0PL07HR1QKIZRZ/Untitled_1.25.1.T.jpg,038_Untitled_1.25.1.T.jpg,312393,format=original,ok
https://images.squarespace-cdn.com/content/v1/627132feb555fb16cce33d60/1723654762980-TBS9GYG0WYGFUVZA9VY8/Untitled_1.21.1.jpg,039_Untitled_1.21.1.jpg,649799,format=original,ok
https://images.squarespace-cdn.com/content/v1/627132feb555fb16cce33d60/1724353216625-BEJDYH59QNJBFA3NA7J0/Untitled_1.17.2.jpg,040_Untitled_1.17.2.jpg,344400,format=original,ok
"https://images.squarespace-cdn.com/content/v1/627132feb555fb16cce33d60/1724353216625-BEJDYH59QNJBFA3NA7J0/Untitled_1.17.2.jpg"",",041_Untitled_1.17.2.jpg__,344400,format=original,ok
https://images.squarespace-cdn.com/content/v1/627132feb555fb16cce33d60/172c1bb3-3fc3-4230-8268-75f918ac85e0/Untitled_1.21.1.jpg,042_Untitled_1.21.1.jpg,649799,format=original,ok
https://images.squarespace-cdn.com/content/v1/627132feb555fb16cce33d60/1739018602624-KG56SJISQLL9D29MZYK6/Foto+de+Capa.jpg,043_Foto de Capa.jpg,326787,format=original,ok
https://images.squarespace-cdn.com/content/v1/627132feb555fb16cce33d60/17b5acb9-3fbc-42a7-a520-cd03e5a715da/COLOR+CONCEPT+37.PNG,044_COLOR CONCEPT 37.PNG,3653870,format=original,ok
"https://images.squarespace-cdn.com/content/v1/627132feb555fb16cce33d60/17b5acb9-3fbc-42a7-a520-cd03e5a715da/COLOR+CONCEPT+37.PNG"",",045_COLOR CONCEPT 37.PNG__,3653870,format=original,ok
https://images.squarespace-cdn.com/content/v1/627132feb555fb16cce33d60/18898b14-78c5-411c-afd0-1c9c203937c3/Untitled_1.14.1.T.jpg,046_Untitled_1.14.1.T.jpg,443818,format=original,ok
https://images.squarespace-cdn.com/content/v1/627132feb555fb16cce33d60/197b08c6-6deb-4b50-a1e7-d181f80bd48c/Untitled_1.3.1.T.jpg,047_Untitled_1.3.1.T.jpg,231916,format=original,ok
https://images.squarespace-cdn.com/content/v1/627132feb555fb16cce33d60/1c143fd9-5bf1-4589-b315-a61918b5f9ba/Untitled_1.9.1.T.jpg,048_Untitled_1.9.1.T.jpg,421042,format=original,ok
https://images.squarespace-cdn.com/content/v1/627132feb555fb16cce33d60/1e927ccb-afb6-4946-9f5e-153751a8b321/Untitled_1.19.2.jpg,049_Untitled_1.19.2.jpg,336563,format=original,ok
https://images.squarespace-cdn.com/content/v1/627132feb555fb16cce33d60/1f4a812d-1691-4015-af60-f762e7f73046/1.11.1_1.11.1-min.png,050_1.11.1_1.11.1-min.png,5964112,format=original,ok
https://images.squarespace-cdn.com/content/v1/627132feb555fb16cce33d60/215acaa1-6391-4243-983c-e6026b935eb1/XALALA+10.PNG,051_XALALA 10.PNG,2983428,format=original,ok
"https://images.squarespace-cdn.com/content/v1/627132feb555fb16cce33d60/215acaa1-6391-4243-983c-e6026b935eb1/XALALA+10.PNG"",",052_XALALA 10.PNG__,2983428,format=original,ok
https://images.squarespace-cdn.com/content/v1/627132feb555fb16cce33d60/21ad3293-c33a-4792-b518-53ff0a50cf7b/Sem+Nome_1.19.2.jpg,053_Sem Nome_1.19.2.jpg,240775,format=original,ok
https://images.squarespace-cdn.com/content/v1/627132feb555fb16cce33d60/22329722-6db5-4e1c-bf2c-928349fb7d84/IMAGEM_RAFAEL.jpg,054_IMAGEM_RAFAEL.jpg,1097637,format=original,ok
"https://images.squarespace-cdn.com/content/v1/627132feb555fb16cce33d60/22329722-6db5-4e1c-bf2c-928349fb7d84/IMAGEM_RAFAEL.jpg"",",055_IMAGEM_RAFAEL.jpg__,1097637,format=original,ok
https://images.squarespace-cdn.com/content/v1/627132feb555fb16cce33d60/228740be-de76-4717-b87f-d7d49fc89c96/Screenshot+2024-11-07+at+14.28.46.png,056_Screenshot 2024-11-07 at 14.28.46.png,24468,format=original,ok
https://images.squarespace-cdn.com/content/v1/627132feb555fb16cce33d60/22c88102-7004-42ac-a98a-dc5a5189f44d/LEONARDO+RACHEIRO+01.PNG,057_LEONARDO RACHEIRO 01.PNG,5090043,format=original,ok
"https://images.squarespace-cdn.com/content/v1/627132feb555fb16cce33d60/22c88102-7004-42ac-a98a-dc5a5189f44d/LEONARDO+RACHEIRO+01.PNG"",",058_LEONARDO RACHEIRO 01.PNG__,5090043,format=original,ok
https://images.squarespace-cdn.com/content/v1/627132feb555fb16cce33d60/23838674-00a1-4ba4-a77d-06bbadf42361/vr.png,059_vr.png,12529,format=original,ok
https://images.squarespace-cdn.com/content/v1/627132feb555fb16cce33d60/25daf4d5-9d07-45ff-8eb8-f9d7086c7504/Screenshot+2024-08-21+at+13.46.58.png,060_Screenshot 2024-08-21 at 13.46.58.png,28665,format=original,ok
https://images.squarespace-cdn.com/content/v1/627132feb555fb16cce33d60/2c7b6424-b648-4734-a22e-4bde21fa6ee4/Screenshot+2024-07-18+at+16.52.42.png,061_Screenshot 2024-07-18 at 16.52.42.png,35813,format=original,ok
https://images.squarespace-cdn.com/content/v1/627132feb555fb16cce33d60/2da5e675-044b-4939-9bb2-9f9ab5c7c5a4/Color+Wheel+White%403x.png,062_Color Wheel White_3x.png,669847,format=original,ok
https://images.squarespace-cdn.com/content/v1/627132feb555fb16cce33d60/2ee1fdd9-b719-4390-a5a3-264f6e6a6676/Untitled_1.16.1.T.jpg,063_Untitled_1.16.1.T.jpg,320459,format=original,ok
https://images.squarespace-cdn.com/content/v1/627132feb555fb16cce33d60/2f98bded-f4fb-4b71-8d98-b8d1ffa38260/Screenshot+2024-11-07+at+14.28.36.png,064_Screenshot 2024-11-07 at 14.28.36.png,48534,format=original,ok
https://images.squarespace-cdn.com/content/v1/627132feb555fb16cce33d60/301b815e-71b8-4c3d-bcec-930d3ae653d6/Untitled_1.29.2.jpg,065_Untitled_1.29.2.jpg,532844,format=original,ok
https://images.squarespace-cdn.com/content/v1/627132feb555fb16cce33d60/3140a90d-30e9-4632-9e49-da7eb5cb5915/Untitled_1.25.1.T.jpg,066_Untitled_1.25.1.T.jpg,312393,format=original,ok
https://images.squarespace-cdn.com/content/v1/627132feb555fb16cce33d60/31e3ddba-7fb1-4b86-8e86-f2e7f27d6004/Untitled_1.36.2.jpg,067_Untitled_1.36.2.jpg,303397,format=original,ok
https://images.squarespace-cdn.com/content/v1/627132feb555fb16cce33d60/32d615b8-853a-4f4d-ac06-b7918bbf3a55/1.7.1_1.7.1.png,068_1.7.1_1.7.1.png,888316,format=original,ok
https://images.squarespace-cdn.com/content/v1/627132feb555fb16cce33d60/3587ddcb-c797-43eb-8864-6219cbd504ed/Untitled_1.10.1.jpg,069_Untitled_1.10.1.jpg,752903,format=original,ok
https://images.squarespace-cdn.com/content/v1/627132feb555fb16cce33d60/35c4de93-8210-4f51-896c-57628465ee93/Still+2025-06-18+180516_1.6.2.PRE.jpg,070_Still 2025-06-18 180516_1.6.2.PRE.jpg,555291,format=original,ok
https://images.squarespace-cdn.com/content/v1/627132feb555fb16cce33d60/36054b42-1fe8-4d07-b1b1-a828ca0cb79f/Untitled_1.52.2.jpg,071_Untitled_1.52.2.jpg,423519,format=original,ok
https://images.squarespace-cdn.com/content/v1/627132feb555fb16cce33d60/378581ad-db76-446c-a3bd-ec3da38eef97/Still+2025-06-18+180516_1.11.2.PRE.jpg,072_Still 2025-06-18 180516_1.11.2.PRE.jpg,436159,format=original,ok
https://images.squarespace-cdn.com/content/v1/627132feb555fb16cce33d60/37fe21c2-86df-4220-a019-0f24890a6001/deisy.jpg,073_deisy.jpg,87572,format=original,ok
https://images.squarespace-cdn.com/content/v1/627132feb555fb16cce33d60/382b7331-a2e1-479b-91ec-4689f432163c/Still+2025-06-18+180516_1.35.2.PRE.jpg,074_Still 2025-06-18 180516_1.35.2.PRE.jpg,432819,format=original,ok
https://images.squarespace-cdn.com/content/v1/627132feb555fb16cce33d60/3936d21f-80c4-44f4-bf28-d3753ce7fe5b/COLOR+CONCEPT+37.jpg,075_COLOR CONCEPT 37.jpg,193861,format=original,ok
"https://images.squarespace-cdn.com/content/v1/627132feb555fb16cce33d60/3936d21f-80c4-44f4-bf28-d3753ce7fe5b/COLOR+CONCEPT+37.jpg"",",076_COLOR CONCEPT 37.jpg__,193861,format=original,ok
https://images.squarespace-cdn.com/content/v1/627132feb555fb16cce33d60/3956c247-67b9-4882-9bca-3ae373fd32b4/NIKE.PNG,077_NIKE.PNG,23282,format=original,ok
https://images.squarespace-cdn.com/content/v1/627132feb555fb16cce33d60/3c1fca9b-f6b4-4ce9-944e-f39b2f9cf807/XAMA+07+CLIP+2.PNG,078_XAMA 07 CLIP 2.PNG,2173655,format=original,ok
"https://images.squarespace-cdn.com/content/v1/627132feb555fb16cce33d60/3c1fca9b-f6b4-4ce9-944e-f39b2f9cf807/XAMA+07+CLIP+2.PNG"",",079_XAMA 07 CLIP 2.PNG__,2173655,format=original,ok
https://images.squarespace-cdn.com/content/v1/627132feb555fb16cce33d60/3da15b07-138e-4f5a-8c49-9ce06656d654/Untitled_1.11.1.T.jpg,080_Untitled_1.11.1.T.jpg,531958,format=original,ok
https://images.squarespace-cdn.com/content/v1/627132feb555fb16cce33d60/3febeaf9-ba10-4d39-a12c-a826bd9847cc/1.8.1_1.8.1-min.png,081_1.8.1_1.8.1-min.png,5467527,format=original,ok
https://images.squarespace-cdn.com/content/v1/627132feb555fb16cce33d60/4102647f-702f-424d-8218-ad02098aaa97/GUSTAVO+LIMA+E+FELIPE+05.PNG,082_GUSTAVO LIMA E FELIPE 05.PNG,3139756,format=original,ok
"https://images.squarespace-cdn.com/content/v1/627132feb555fb16cce33d60/4102647f-702f-424d-8218-ad02098aaa97/GUSTAVO+LIMA+E+FELIPE+05.PNG"",",083_GUSTAVO LIMA E FELIPE 05.PNG__,3139756,format=original,ok
https://images.squarespace-cdn.com/content/v1/627132feb555fb16cce33d60/42cd3a88-07fa-4cb6-8ff0-ffc48acf5454/Untitled_1.39.1.jpg,084_Untitled_1.39.1.jpg,852946,format=original,ok
https://images.squarespace-cdn.com/content/v1/627132feb555fb16cce33d60/46447943-0f14-444f-a22c-bb7beaae044f/Untitled_1.4.1.jpg,085_Untitled_1.4.1.jpg,588282,format=original,ok
https://images.squarespace-cdn.com/content/v1/627132feb555fb16cce33d60/49c28543-e988-401c-bddf-1adc64115a28/Untitled_1.2.2.POST.jpg,086_Untitled_1.2.2.POST.jpg,119058,format=original,ok
https://images.squarespace-cdn.com/content/v1/627132feb555fb16cce33d60/4a2a6308-5b67-40ad-b199-d96a20128b68/CLEO02.png,087_CLEO02.png,2937523,format=original,ok
https://images.squarespace-cdn.com/content/v1/627132feb555fb16cce33d60/4b5a76ba-f7fb-47aa-9401-11fdea960dcb/R5RF0595.jpg,088_R5RF0595.jpg,389646,format=original,ok
"https://images.squarespace-cdn.com/content/v1/627132feb555fb16cce33d60/4b5a76ba-f7fb-47aa-9401-11fdea960dcb/R5RF0595.jpg"",",089_R5RF0595.jpg__,389646,format=original,ok
https://images.squarespace-cdn.com/content/v1/627132feb555fb16cce33d60/4cee1dc5-96e0-4966-8df7-c2af767647c0/Still+2025-06-18+180516_1.1.1.jpg,090_Still 2025-06-18 180516_1.1.1.jpg,492183,format=original,ok
https://images.squarespace-cdn.com/content/v1/627132feb555fb16cce33d60/4d4cb9b2-218d-43ac-b59e-115dd6bbdb07/GER06435-Editar.jpg,091_GER06435-Editar.jpg,431954,format=original,ok
https://images.squarespace-cdn.com/content/v1/627132feb555fb16cce33d60/4df3b683-a2d2-4113-b6ee-deacbb9d5d35/Untitled_1.1.1.jpg,092_Untitled_1.1.1.jpg,579618,format=original,ok
https://images.squarespace-cdn.com/content/v1/627132feb555fb16cce33d60/50cbbef6-0069-4c03-a292-3960af0ac940/XALALA+09.PNG,093_XALALA 09.PNG,2388327,format=original,ok
"https://images.squarespace-cdn.com/content/v1/627132feb555fb16cce33d60/50cbbef6-0069-4c03-a292-3960af0ac940/XALALA+09.PNG"",",094_XALALA 09.PNG__,2388327,format=original,ok
https://images.squarespace-cdn.com/content/v1/627132feb555fb16cce33d60/52415dfe-4889-4e39-aa22-da7ee84d3f55/Untitled_1.9.2.T.jpg,095_Untitled_1.9.2.T.jpg,152952,format=original,ok
https://images.squarespace-cdn.com/content/v1/627132feb555fb16cce33d60/52c3f321-d684-4468-845b-dacca04ae686/GER08612-Enhanced-Edit-2.jpg,096_GER08612-Enhanced-Edit-2.jpg,566059,format=original,ok
"https://images.squarespace-cdn.com/content/v1/627132feb555fb16cce33d60/52c3f321-d684-4468-845b-dacca04ae686/GER08612-Enhanced-Edit-2.jpg"",",097_GER08612-Enhanced-Edit-2.jpg__,566059,format=original,ok
https://images.squarespace-cdn.com/content/v1/627132feb555fb16cce33d60/531362bb-9c83-4751-a06c-16b469349de1/cafe_2.5.jpg,098_cafe_2.5.jpg,319124,format=original,ok
"https://images.squarespace-cdn.com/content/v1/627132feb555fb16cce33d60/531362bb-9c83-4751-a06c-16b469349de1/cafe_2.5.jpg"",",099_cafe_2.5.jpg__,319124,format=original,ok
https://images.squarespace-cdn.com/content/v1/627132feb555fb16cce33d60/5335a8a9-f26f-4278-b4f8-7a8a186ef5fa/Untitled_1.5.1.T.jpg,100_Untitled_1.5.1.T.jpg,272922,format=original,ok
https://images.squarespace-cdn.com/content/v1/627132feb555fb16cce33d60/53957b73-edc7-4473-bfa0-a9bb6e6ff817/Still+2025-06-18+180516_1.23.2.PRE.jpg,101_Still 2025-06-18 180516_1.23.2.PRE.jpg,330216,format=original,ok
https://images.squarespace-cdn.com/content/v1/627132feb555fb16cce33d60/55247733-033b-4319-bb4f-cf780b425fcc/Untitled_1.10.2.T.jpg,102_Untitled_1.10.2.T.jpg,245706,format=original,ok
https://images.squarespace-cdn.com/content/v1/627132feb555fb16cce33d60/552d8255-6234-4adf-894a-5e264648c8b5/Horizontal+White%403x.png,103_Horizontal White_3x.png,267982,format=original,ok
https://images.squarespace-cdn.com/content/v1/627132feb555fb16cce33d60/5b058b00-894b-4cbd-b8f1-63ca95e4a39c/Untitled2_1.1.1.jpg,104_Untitled2_1.1.1.jpg,425894,format=original,ok
"https://images.squarespace-cdn.com/content/v1/627132feb555fb16cce33d60/5b058b00-894b-4cbd-b8f1-63ca95e4a39c/Untitled2_1.1.1.jpg"",",105_Untitled2_1.1.1.jpg__,425894,format=original,ok
https://images.squarespace-cdn.com/content/v1/627132feb555fb16cce33d60/5c4e0112-700b-4629-a029-a6e9d9f58943/Untitled_1.44.2.jpg,106_Untitled_1.44.2.jpg,362599,format=original,ok
https://images.squarespace-cdn.com/content/v1/627132feb555fb16cce33d60/5da80414-bda6-4bb7-a66b-2c0fb370f135/Untitled_1.15.1.T.jpg,107_Untitled_1.15.1.T.jpg,361377,format=original,ok
https://images.squarespace-cdn.com/content/v1/627132feb555fb16cce33d60/5f7f1d61-52e3-472c-89a1-60285215e021/Untitled_1.11.1.T.jpg,108_Untitled_1.11.1.T.jpg,254117,format=original,ok
https://images.squarespace-cdn.com/content/v1/627132feb555fb16cce33d60/6025a7a5-bc14-4ef7-a47b-b89667577a51/Untitled_1.83.1.jpg,109_Untitled_1.83.1.jpg,647409,format=original,ok
https://images.squarespace-cdn.com/content/v1/627132feb555fb16cce33d60/61260cf2-1811-4035-ade3-28df878a112a/Untitled_1.10.1.T.jpg,110_Untitled_1.10.1.T.jpg,391976,format=original,ok
https://images.squarespace-cdn.com/content/v1/627132feb555fb16cce33d60/64972924-bec6-42df-b688-dec51cf31c42/Capa-1140x683.jpg,111_Capa-1140x683.jpg,612598,format=original,ok
https://images.squarespace-cdn.com/content/v1/627132feb555fb16cce33d60/696e8232-5a2c-4928-bdd9-a4eb2f7c0a81/Still+2025-06-18+180516_1.3.2.PRE.jpg,112_Still 2025-06-18 180516_1.3.2.PRE.jpg,541975,format=original,ok
https://images.squarespace-cdn.com/content/v1/627132feb555fb16cce33d60/6980b2bb-3f5a-49cf-9048-3307de57953f/Screenshot+2025-07-16+at+13.55.15.png,113_Screenshot 2025-07-16 at 13.55.15.png,68507,format=original,ok
https://images.squarespace-cdn.com/content/v1/627132feb555fb16cce33d60/6adfdf90-8471-4f94-8092-e5d83ead6166/Untitled_1.21.2.jpg,114_Untitled_1.21.2.jpg,417051,format=original,ok
https://images.squarespace-cdn.com/content/v1/627132feb555fb16cce33d60/6b93c855-1b0b-4b84-a5d8-f2acc8d178bc/Still+2025-06-18+180516_1.27.2.PRE.jpg,115_Still 2025-06-18 180516_1.27.2.PRE.jpg,571214,format=original,ok
https://images.squarespace-cdn.com/content/v1/627132feb555fb16cce33d60/6ee025e4-44e3-4576-bbf8-11d244fb19f1/Untitled_1.4.3.T.jpg,116_Untitled_1.4.3.T.jpg,155307,format=original,ok
https://images.squarespace-cdn.com/content/v1/627132feb555fb16cce33d60/6efd851f-9180-41aa-8a88-3ebd58503914/Untitled_1.7.2.jpg,117_Untitled_1.7.2.jpg,347468,format=original,ok
https://images.squarespace-cdn.com/content/v1/627132feb555fb16cce33d60/71f552dc-b82c-4008-b21f-82b3bd7e591a/Untitled_1.65.1.jpg,118_Untitled_1.65.1.jpg,828985,format=original,ok
https://images.squarespace-cdn.com/content/v1/627132feb555fb16cce33d60/7472b2fb-fdd7-4eaf-af15-8ed39c9c0078/Untitled_1.66.1.jpg,119_Untitled_1.66.1.jpg,787310,format=original,ok
https://images.squarespace-cdn.com/content/v1/627132feb555fb16cce33d60/7612bf1e-30ce-4888-b918-19558f69163a/Untitled_1.33.2.jpg,120_Untitled_1.33.2.jpg,457264,format=original,ok
https://images.squarespace-cdn.com/content/v1/627132feb555fb16cce33d60/76ebb360-c2a8-4d45-b3ea-cf456c8fa0d4/1.5.1_1.5.1-min.png,121_1.5.1_1.5.1-min.png,1920912,format=original,ok
https://images.squarespace-cdn.com/content/v1/627132feb555fb16cce33d60/7aac20ff-424e-4f82-a9f7-3445bcd45391/Still+2025-06-18+180516_1.20.2.PRE.jpg,122_Still 2025-06-18 180516_1.20.2.PRE.jpg,518969,format=original,ok
https://images.squarespace-cdn.com/content/v1/627132feb555fb16cce33d60/7c0868b7-819d-430c-a5d2-b6eb71223eaa/Untitled_1.31.2.jpg,123_Untitled_1.31.2.jpg,373021,format=original,ok
https://images.squarespace-cdn.com/content/v1/627132feb555fb16cce33d60/7d2a8d5d-edb1-4a5b-acbd-62ba6e251549/Untitled_1.23.1.T.jpg,124_Untitled_1.23.1.T.jpg,568675,format=original,ok
https://images.squarespace-cdn.com/content/v1/627132feb555fb16cce33d60/7ef8864c-7934-4971-bf5d-a96ad42bff70/Untitled_1.1.1.T.jpg,125_Untitled_1.1.1.T.jpg,479344,format=original,ok
https://images.squarespace-cdn.com/content/v1/627132feb555fb16cce33d60/81351559-4916-46da-b30f-64c261db8dc9/metagenics_1.1.1.png,126_metagenics_1.1.1.png,879310,format=original,ok
https://images.squarespace-cdn.com/content/v1/627132feb555fb16cce33d60/8141e8cf-fa37-45d0-ade7-5d69ee57a179/unisc_1.1.jpg,127_unisc_1.1.jpg,351631,format=original,ok
"https://images.squarespace-cdn.com/content/v1/627132feb555fb16cce33d60/8141e8cf-fa37-45d0-ade7-5d69ee57a179/unisc_1.1.jpg"",",128_unisc_1.1.jpg__,351631,format=original,ok
https://images.squarespace-cdn.com/content/v1/627132feb555fb16cce33d60/82807987-a839-4f87-bf63-c8cbe86f0644/cafe_2.18.1.jpg,129_cafe_2.18.1.jpg,169268,format=original,ok
"https://images.squarespace-cdn.com/content/v1/627132feb555fb16cce33d60/82807987-a839-4f87-bf63-c8cbe86f0644/cafe_2.18.1.jpg"",",130_cafe_2.18.1.jpg__,169268,format=original,ok
https://images.squarespace-cdn.com/content/v1/627132feb555fb16cce33d60/853c5d26-3894-44c1-9da5-1133808ccbe5/Screenshot+2024-08-22+at+15.50.13.png,131_Screenshot 2024-08-22 at 15.50.13.png,21819,format=original,ok
https://images.squarespace-cdn.com/content/v1/627132feb555fb16cce33d60/857d7ad3-3afe-4c77-91b5-7c74c3f7b25a/Untitled_1.15.1.jpg,132_Untitled_1.15.1.jpg,125326,format=original,ok
"https://images.squarespace-cdn.com/content/v1/627132feb555fb16cce33d60/857d7ad3-3afe-4c77-91b5-7c74c3f7b25a/Untitled_1.15.1.jpg"",",133_Untitled_1.15.1.jpg__,125326,format=original,ok
https://images.squarespace-cdn.com/content/v1/627132feb555fb16cce33d60/8613e529-43b1-4e37-932d-022b69d93e27/cafe_2.28.1.jpg,134_cafe_2.28.1.jpg,188254,format=original,ok
"https://images.squarespace-cdn.com/content/v1/627132feb555fb16cce33d60/8613e529-43b1-4e37-932d-022b69d93e27/cafe_2.28.1.jpg"",",135_cafe_2.28.1.jpg__,188254,format=original,ok
https://images.squarespace-cdn.com/content/v1/627132feb555fb16cce33d60/87a054c9-bace-42a7-a1e7-1c822e032da3/Untitled_1.18.1.T.jpg,136_Untitled_1.18.1.T.jpg,580978,format=original,ok
https://images.squarespace-cdn.com/content/v1/627132feb555fb16cce33d60/87ab72b7-b075-40d7-8eb4-5b22003de854/1.17.1_1.17.1-min.png,137_1.17.1_1.17.1-min.png,5802879,format=original,ok
https://images.squarespace-cdn.com/content/v1/627132feb555fb16cce33d60/89c71bc8-ba2a-4b25-995c-ed908a67f135/Untitled_1.87.1.jpg,138_Untitled_1.87.1.jpg,633580,format=original,ok
https://images.squarespace-cdn.com/content/v1/627132feb555fb16cce33d60/8a8081c8-d28f-4d19-a509-34beeac904c5/Untitled_1.13.1.T.jpg,139_Untitled_1.13.1.T.jpg,336099,format=original,ok
https://images.squarespace-cdn.com/content/v1/627132feb555fb16cce33d60/8bc10b24-b8fc-4e30-bb97-2d51704ba1d0/Brand_product.png,140_Brand_product.png,330555,format=original,ok
https://images.squarespace-cdn.com/content/v1/627132feb555fb16cce33d60/8d2cd2ed-c54e-4cf2-94e6-e496fc7784fc/Screenshot+2024-07-18+at+16.52.30.png,141_Screenshot 2024-07-18 at 16.52.30.png,36919,format=original,ok
https://images.squarespace-cdn.com/content/v1/627132feb555fb16cce33d60/8de1ce12-5afb-4cc0-8c3d-a55888f3f74d/Untitled_1.5.1.jpg,142_Untitled_1.5.1.jpg,360054,format=original,ok
https://images.squarespace-cdn.com/content/v1/627132feb555fb16cce33d60/8ecf2bb6-dc4d-485d-8bee-fbd8aebdcf91/Untitled_1.26.1.T.jpg,143_Untitled_1.26.1.T.jpg,365472,format=original,ok
https://images.squarespace-cdn.com/content/v1/627132feb555fb16cce33d60/93dd8edd-0c53-4c19-9422-f0f095c4a500/Untitled_1.3.1.T.jpg,144_Untitled_1.3.1.T.jpg,264469,format=original,ok
https://images.squarespace-cdn.com/content/v1/627132feb555fb16cce33d60/94c8b4be-70f9-466a-88b1-7b56e0886a84/Untitled_1.1.1.jpg,145_Untitled_1.1.1.jpg,590169,format=original,ok
"https://images.squarespace-cdn.com/content/v1/627132feb555fb16cce33d60/94c8b4be-70f9-466a-88b1-7b56e0886a84/Untitled_1.1.1.jpg"",",146_Untitled_1.1.1.jpg__,590169,format=original,ok
https://images.squarespace-cdn.com/content/v1/627132feb555fb16cce33d60/9578ea88-81ed-4da2-a3ce-13f818b282f0/1.1.1_1.1.1-min.png,147_1.1.1_1.1.1-min.png,3202804,format=original,ok
https://images.squarespace-cdn.com/content/v1/627132feb555fb16cce33d60/95ad0942-e140-4037-bb6a-aaf4f40ece11/Color+Wheel+Full+White%403x.png,148_Color Wheel Full White_3x.png,452790,format=original,ok
https://images.squarespace-cdn.com/content/v1/627132feb555fb16cce33d60/9731f5b1-c5da-43a9-aee4-6c5a1637dbc4/Still+2025-06-18+180516_1.24.2.PRE.jpg,149_Still 2025-06-18 180516_1.24.2.PRE.jpg,493986,format=original,ok
https://images.squarespace-cdn.com/content/v1/627132feb555fb16cce33d60/9788d7a1-2daf-4106-9cbd-54bb3a607b0e/Untitled_1.32.2.jpg,150_Untitled_1.32.2.jpg,390631,format=original,ok
https://images.squarespace-cdn.com/content/v1/627132feb555fb16cce33d60/97fe20e6-4157-48ac-a84f-6850ac5193ec/Untitled_1.13.1.jpg,151_Untitled_1.13.1.jpg,576977,format=original,ok
https://images.squarespace-cdn.com/content/v1/627132feb555fb16cce33d60/9b378476-4758-40f0-83f9-c81d23c88121/Still+2025-06-18+180516_1.1.1.jpg,152_Still 2025-06-18 180516_1.1.1.jpg,492183,format=original,ok
"https://images.squarespace-cdn.com/content/v1/627132feb555fb16cce33d60/9b378476-4758-40f0-83f9-c81d23c88121/Still+2025-06-18+180516_1.1.1.jpg"",",153_Still 2025-06-18 180516_1.1.1.jpg__,492183,format=original,ok
https://images.squarespace-cdn.com/content/v1/627132feb555fb16cce33d60/9b3d3e1d-cc62-45a6-942f-66cc34b4fcbf/Untitled_1.26.2.jpg,154_Untitled_1.26.2.jpg,323121,format=original,ok
https://images.squarespace-cdn.com/content/v1/627132feb555fb16cce33d60/9b87e0e5-f92e-4253-bc92-1ae334489332/MERCEDES.PNG,155_MERCEDES.PNG,45342,format=original,ok
https://images.squarespace-cdn.com/content/v1/627132feb555fb16cce33d60/a0386a16-c924-489d-855a-5de5ff05cec2/Untitled_1.19.1.jpg,156_Untitled_1.19.1.jpg,633801,format=original,ok
https://images.squarespace-cdn.com/content/v1/627132feb555fb16cce33d60/a29a2024-f1be-4a2a-912f-aa95a0dc6008/Still+2025-06-18+180516_1.4.2.PRE.jpg,157_Still 2025-06-18 180516_1.4.2.PRE.jpg,517576,format=original,ok
https://images.squarespace-cdn.com/content/v1/627132feb555fb16cce33d60/a2ddaa9e-c3e5-4960-8884-313f3747649c/metagenics_1.2.1.png,158_metagenics_1.2.1.png,1302227,format=original,ok
https://images.squarespace-cdn.com/content/v1/627132feb555fb16cce33d60/a36b6e89-ed17-45d7-9fe4-dfd6e2b775fb/1.1.1_1.1.1.png,159_1.1.1_1.1.1.png,834753,format=original,ok
https://images.squarespace-cdn.com/content/v1/627132feb555fb16cce33d60/a403d364-f979-4727-a543-c2378545e5bd/Untitled_1.7.3.jpg,160_Untitled_1.7.3.jpg,101975,format=original,ok
https://images.squarespace-cdn.com/content/v1/627132feb555fb16cce33d60/a47353ea-8430-45dc-8b80-483a08df40db/mini-panel-md.jpg,161_mini-panel-md.jpg,85127,format=original,ok
https://images.squarespace-cdn.com/content/v1/627132feb555fb16cce33d60/a4f80ade-e73f-4b47-9dcd-3c6dd2f28b17/Screenshot+2025-07-16+at+13.54.21.png,162_Screenshot 2025-07-16 at 13.54.21.png,23004,format=original,ok
https://images.squarespace-cdn.com/content/v1/627132feb555fb16cce33d60/a5bc04a7-2d5f-4fb5-aef2-146944778020/Still+2025-06-18+180516_1.25.2.PRE.jpg,163_Still 2025-06-18 180516_1.25.2.PRE.jpg,471032,format=original,ok
https://images.squarespace-cdn.com/content/v1/627132feb555fb16cce33d60/a7df5557-aed4-4e3b-9f52-9b9200f90d9f/Untitled_1.7.1.jpg,164_Untitled_1.7.1.jpg,177387,format=original,ok
https://images.squarespace-cdn.com/content/v1/627132feb555fb16cce33d60/a8c8f2ac-c086-406d-b82e-caccb90d7dc9/metagenics_1.4.1.png,165_metagenics_1.4.1.png,899996,format=original,ok
https://images.squarespace-cdn.com/content/v1/627132feb555fb16cce33d60/aadf2644-0130-4cb3-be8a-57e66ad8d16e/Untitled_1.86.1.jpg,166_Untitled_1.86.1.jpg,811985,format=original,ok
https://images.squarespace-cdn.com/content/v1/627132feb555fb16cce33d60/aaf9d924-256f-49f1-b7d3-c7dfb8b9ae29/Still+2025-06-18+180516_1.19.2.PRE.jpg,167_Still 2025-06-18 180516_1.19.2.PRE.jpg,537034,format=original,ok
https://images.squarespace-cdn.com/content/v1/627132feb555fb16cce33d60/aef9d9dd-930d-43dc-bf36-7326e0a348c9/Untitled_1.1.2.jpg,168_Untitled_1.1.2.jpg,155764,format=original,ok
https://images.squarespace-cdn.com/content/v1/627132feb555fb16cce33d60/afad71ad-7e32-45c5-8701-5f17b93050d5/GER08612-Enhanced-Edit-08.10.08.jpg,169_GER08612-Enhanced-Edit-08.10.08.jpg,52039,format=original,ok
https://images.squarespace-cdn.com/content/v1/627132feb555fb16cce33d60/afb0f447-9238-4821-9a2c-260c0a8f6ca1/Untitled_1.17.1.T.jpg,170_Untitled_1.17.1.T.jpg,552867,format=original,ok
https://images.squarespace-cdn.com/content/v1/627132feb555fb16cce33d60/b0b32b72-0a5a-472f-8424-ae95c4cb4273/Untitled_1.18.2.jpg,171_Untitled_1.18.2.jpg,402359,format=original,ok
https://images.squarespace-cdn.com/content/v1/627132feb555fb16cce33d60/b1b859ec-4b83-48e8-a3c5-e6a7a41ba9fc/Untitled_1.23.1.jpg,172_Untitled_1.23.1.jpg,750177,format=original,ok
https://images.squarespace-cdn.com/content/v1/627132feb555fb16cce33d60/b25ab4c7-03cc-47e9-b61b-b624afe1c97d/Untitled_1.22.1.T.jpg,173_Untitled_1.22.1.T.jpg,392557,format=original,ok
https://images.squarespace-cdn.com/content/v1/627132feb555fb16cce33d60/b27c04c2-e527-4b5d-817a-9d9f43aee640/Untitled_1.6.2.jpg,174_Untitled_1.6.2.jpg,351529,format=original,ok
https://images.squarespace-cdn.com/content/v1/627132feb555fb16cce33d60/b2c855aa-ce61-4aa6-a583-917229ec5d70/MEtagenicspill.png,175_MEtagenicspill.png,326945,format=original,ok
https://images.squarespace-cdn.com/content/v1/627132feb555fb16cce33d60/b2d3b534-67a8-417d-ad4d-912719e705fe/Untitled_1.6.1.jpg,176_Untitled_1.6.1.jpg,663917,format=original,ok
https://images.squarespace-cdn.com/content/v1/627132feb555fb16cce33d60/b4d3af23-09fc-4128-a763-3485b8c7759e/Untitled_1.24.1.T.jpg,177_Untitled_1.24.1.T.jpg,353067,format=original,ok
https://images.squarespace-cdn.com/content/v1/627132feb555fb16cce33d60/ba82f33f-9de5-4bf8-ab73-0d5c1fda0038/Untitled_1.20.1.T.jpg,178_Untitled_1.20.1.T.jpg,370836,format=original,ok
https://images.squarespace-cdn.com/content/v1/627132feb555fb16cce33d60/bb15b66f-7b13-44e7-b154-e7d991176b5a/Still+2025-06-18+180516_1.12.1.PRE.jpg,179_Still 2025-06-18 180516_1.12.1.PRE.jpg,469906,format=original,ok
https://images.squarespace-cdn.com/content/v1/627132feb555fb16cce33d60/bb954d94-9b19-45fd-b379-446f48872dbc/Antonia+Morais_Deisy_Untitled_1.15.1.jpg,180_Antonia Morais_Deisy_Untitled_1.15.1.jpg,125326,format=original,ok
https://images.squarespace-cdn.com/content/v1/627132feb555fb16cce33d60/be2311d8-a04d-42f0-a6b2-d844c74cf208/LEO+01.PNG,181_LEO 01.PNG,930316,format=original,ok
"https://images.squarespace-cdn.com/content/v1/627132feb555fb16cce33d60/be2311d8-a04d-42f0-a6b2-d844c74cf208/LEO+01.PNG"",",182_LEO 01.PNG__,930316,format=original,ok
https://images.squarespace-cdn.com/content/v1/627132feb555fb16cce33d60/bef5dbe4-8f64-416c-a53c-b3af4bb3a5c6/Logo+Vertigo.png,183_Logo Vertigo.png,96225,format=original,ok
https://images.squarespace-cdn.com/content/v1/627132feb555fb16cce33d60/c117b611-0e5e-40ae-b706-bf491d74c6b7/Screenshot+2025-01-30+at+18.22.40.jpg,184_Screenshot 2025-01-30 at 18.22.40.jpg,37204,format=original,ok
"https://images.squarespace-cdn.com/content/v1/627132feb555fb16cce33d60/c117b611-0e5e-40ae-b706-bf491d74c6b7/Screenshot+2025-01-30+at+18.22.40.jpg"",",185_Screenshot 2025-01-30 at 18.22.40.jpg__,37204,format=original,ok
https://images.squarespace-cdn.com/content/v1/627132feb555fb16cce33d60/c18faddf-165d-470f-a3df-425cbedf6e71/Untitled_1.27.2.jpg,186_Untitled_1.27.2.jpg,416378,format=original,ok
https://images.squarespace-cdn.com/content/v1/627132feb555fb16cce33d60/c87a90fe-4d01-4528-9df5-769136f1115e/Untitled_1.8.1.jpg,187_Untitled_1.8.1.jpg,139787,format=original,ok
https://images.squarespace-cdn.com/content/v1/627132feb555fb16cce33d60/cb6df08e-5fe9-4341-9f12-8df6cea87045/LABELLAMAFIA+MION+04+.PNG,188_LABELLAMAFIA MION 04 .PNG,3411603,format=original,ok
"https://images.squarespace-cdn.com/content/v1/627132feb555fb16cce33d60/cb6df08e-5fe9-4341-9f12-8df6cea87045/LABELLAMAFIA+MION+04+.PNG"",",189_LABELLAMAFIA MION 04 .PNG__,3411603,format=original,ok
https://images.squarespace-cdn.com/content/v1/627132feb555fb16cce33d60/ce410b79-5593-404b-a65d-375f262b4dab/favicon.ico,190_favicon.ico,32363,format=original,ok
https://images.squarespace-cdn.com/content/v1/627132feb555fb16cce33d60/cfd22c2c-0249-4f5b-9fd4-5a83076ae130/DSC00532-Editar.jpg,191_DSC00532-Editar.jpg,383946,format=original,ok
https://images.squarespace-cdn.com/content/v1/627132feb555fb16cce33d60/d2643c1e-57c3-44b4-bca4-f613a484ce56/Still+2025-06-18+180516_1.37.2.PRE.jpg,192_Still 2025-06-18 180516_1.37.2.PRE.jpg,525276,format=original,ok
https://images.squarespace-cdn.com/content/v1/627132feb555fb16cce33d60/d4f6bb58-c913-4ed6-8ce0-d5e70691a78c/Untitled_1.20.2.jpg,193_Untitled_1.20.2.jpg,508483,format=original,ok
https://images.squarespace-cdn.com/content/v1/627132feb555fb16cce33d60/d5073f61-2fd8-4205-893d-b4217a0f76e7/Screenshot+2024-11-07+at+14.28.30.png,194_Screenshot 2024-11-07 at 14.28.30.png,29066,format=original,ok
https://images.squarespace-cdn.com/content/v1/627132feb555fb16cce33d60/db207f00-76ef-4104-bbdd-7d1a1a924c0a/Untitled_1.12.1.T.jpg,195_Untitled_1.12.1.T.jpg,369802,format=original,ok
https://images.squarespace-cdn.com/content/v1/627132feb555fb16cce33d60/db854246-0644-45dd-ac5b-78cf4a4dc1e6/Untitled_1.64.2.jpg,196_Untitled_1.64.2.jpg,397971,format=original,ok
https://images.squarespace-cdn.com/content/v1/627132feb555fb16cce33d60/dbc9b975-6b8a-4d05-9005-6bf153e821be/Untitled_1.4.1.T.jpg,197_Untitled_1.4.1.T.jpg,292337,format=original,ok
https://images.squarespace-cdn.com/content/v1/627132feb555fb16cce33d60/dd71e45d-5a74-4101-ad77-e00e6a592894/Screenshot+2024-07-18+at+16.52.56.png,198_Screenshot 2024-07-18 at 16.52.56.png,30601,format=original,ok
https://images.squarespace-cdn.com/content/v1/627132feb555fb16cce33d60/de8ad98e-3288-4e5f-b07e-f1083dafe488/Untitled_1.3.2.PRE.jpg,199_Untitled_1.3.2.PRE.jpg,504515,format=original,ok
https://images.squarespace-cdn.com/content/v1/627132feb555fb16cce33d60/e3e8da5a-e723-426b-9ac9-544d3bf60682/1.4.1_1.4.1.png,200_1.4.1_1.4.1.png,783314,format=original,ok
https://images.squarespace-cdn.com/content/v1/627132feb555fb16cce33d60/e4ae0843-1ac2-4e65-9b22-2b2d7e0300af/Untitled_1.43.2.jpg,201_Untitled_1.43.2.jpg,357272,format=original,ok
https://images.squarespace-cdn.com/content/v1/627132feb555fb16cce33d60/e7d2dd53-248b-4a89-9962-f618f028d3f9/favicon.ico,202_favicon.ico,34744,format=original,ok
https://images.squarespace-cdn.com/content/v1/627132feb555fb16cce33d60/e8d79417-3ab5-4645-ae11-60d122e62301/CLEO02.png,203_CLEO02.png,2937523,format=original,ok
"https://images.squarespace-cdn.com/content/v1/627132feb555fb16cce33d60/e8d79417-3ab5-4645-ae11-60d122e62301/CLEO02.png"",",204_CLEO02.png__,2937523,format=original,ok
https://images.squarespace-cdn.com/content/v1/627132feb555fb16cce33d60/e921ef3d-c7df-4dd9-a75e-4f8902a6d157/NATIONAL.PNG,205_NATIONAL.PNG,19191,format=original,ok
https://images.squarespace-cdn.com/content/v1/627132feb555fb16cce33d60/e924b436-06f6-4459-ae29-da73091cd7df/Untitled_1.1.2.jpg,206_Untitled_1.1.2.jpg,102126,format=original,ok
"https://images.squarespace-cdn.com/content/v1/627132feb555fb16cce33d60/e924b436-06f6-4459-ae29-da73091cd7df/Untitled_1.1.2.jpg"",",207_Untitled_1.1.2.jpg__,102126,format=original,ok
https://images.squarespace-cdn.com/content/v1/627132feb555fb16cce33d60/e9840da8-c531-4294-92c1-3801dc4076d3/NATURA.PNG,208_NATURA.PNG,24269,format=original,ok
https://images.squarespace-cdn.com/content/v1/627132feb555fb16cce33d60/ec2f16f9-214e-44e7-b561-faae60216213/1.15.1_1.15.1-min.png,209_1.15.1_1.15.1-min.png,5683227,format=original,ok
https://images.squarespace-cdn.com/content/v1/627132feb555fb16cce33d60/ecc33d2a-bc31-497d-acc5-856aa8607675/Untitled_1.17.2.jpg,210_Untitled_1.17.2.jpg,344400,format=original,ok
https://images.squarespace-cdn.com/content/v1/627132feb555fb16cce33d60/ed7d5950-cf18-4adb-a9e2-61078f332c01/MICHELIN.PNG,211_MICHELIN.PNG,35946,format=original,ok
https://images.squarespace-cdn.com/content/v1/627132feb555fb16cce33d60/ee735441-4351-468e-8783-6efc39705d3b/deisy.jpg,212_deisy.jpg,84483,format=original,ok
"https://images.squarespace-cdn.com/content/v1/627132feb555fb16cce33d60/ee735441-4351-468e-8783-6efc39705d3b/deisy.jpg"",",213_deisy.jpg__,84483,format=original,ok
https://images.squarespace-cdn.com/content/v1/627132feb555fb16cce33d60/ef37b55d-3d63-4c44-9569-f23f0957466f/1.46.1_1.46.1-min.png,214_1.46.1_1.46.1-min.png,2007827,format=original,ok
https://images.squarespace-cdn.com/content/v1/627132feb555fb16cce33d60/ef46ca07-ecc0-4fe7-b4b6-1fbb2cb201b9/Untitled_1.22.2.jpg,215_Untitled_1.22.2.jpg,176421,format=original,ok
https://images.squarespace-cdn.com/content/v1/627132feb555fb16cce33d60/ef5f53ef-c750-42b2-84c6-590d7e7415fd/Untitled_1.19.1.T.jpg,216_Untitled_1.19.1.T.jpg,529537,format=original,ok
https://images.squarespace-cdn.com/content/v1/627132feb555fb16cce33d60/f3523fc4-3bc2-42f2-931a-a243717054cf/Untitled_1.74.2.jpg,217_Untitled_1.74.2.jpg,377621,format=original,ok
https://images.squarespace-cdn.com/content/v1/627132feb555fb16cce33d60/f46aa0ba-2c0c-4d46-9540-ca269bfe1129/1.7.2_1.7.2-min.png,218_1.7.2_1.7.2-min.png,5723471,format=original,ok
https://images.squarespace-cdn.com/content/v1/627132feb555fb16cce33d60/f5f7d9c5-4c06-44a8-8be1-6dc43c78714d/Screenshot+2024-08-21+at+13.50.48.png,219_Screenshot 2024-08-21 at 13.50.48.png,23230,format=original,ok
https://images.squarespace-cdn.com/content/v1/627132feb555fb16cce33d60/f6946d35-2079-40c2-a2ca-eab4a3a91ae9/Untitled_1.5.2.T.jpg,220_Untitled_1.5.2.T.jpg,504526,format=original,ok
https://images.squarespace-cdn.com/content/v1/627132feb555fb16cce33d60/f6c13a2d-eb7e-40e1-9058-4e6d841cfa66/PHELP+E+FROID001.PNG,221_PHELP E FROID001.PNG,3222366,format=original,ok
"https://images.squarespace-cdn.com/content/v1/627132feb555fb16cce33d60/f6c13a2d-eb7e-40e1-9058-4e6d841cfa66/PHELP+E+FROID001.PNG"",",222_PHELP E FROID001.PNG__,3222366,format=original,ok
https://images.squarespace-cdn.com/content/v1/627132feb555fb16cce33d60/f6cf61a8-d53c-4037-a0a9-ff7f8bd13eca/Untitled_1.30.1.jpg,223_Untitled_1.30.1.jpg,797704,format=original,ok
https://images.squarespace-cdn.com/content/v1/627132feb555fb16cce33d60/f72a1955-0c7c-4345-9a64-757217937e6b/Untitled_1.4.1.T.jpg,224_Untitled_1.4.1.T.jpg,325456,format=original,ok
https://images.squarespace-cdn.com/content/v1/627132feb555fb16cce33d60/f75c7f26-50a4-4697-a69a-337bd349a496/POKA+05.PNG,225_POKA 05.PNG,2077864,format=original,ok
"https://images.squarespace-cdn.com/content/v1/627132feb555fb16cce33d60/f75c7f26-50a4-4697-a69a-337bd349a496/POKA+05.PNG"",",226_POKA 05.PNG__,2077864,format=original,ok
https://images.squarespace-cdn.com/content/v1/627132feb555fb16cce33d60/f779fe64-f17d-408f-aae2-c6a7170c843c/Untitled_1.13.2.jpg,227_Untitled_1.13.2.jpg,404419,format=original,ok
https://images.squarespace-cdn.com/content/v1/627132feb555fb16cce33d60/f81b5610-bb2d-432e-92d1-cb8be95eff39/Untitled_1.1.1.T.jpg,228_Untitled_1.1.1.T.jpg,287455,format=original,ok
https://images.squarespace-cdn.com/content/v1/627132feb555fb16cce33d60/fbd80559-9712-413d-a1b1-5dd00a979a65/Still+2025-06-18+180516_1.16.2.PRE.jpg,229_Still 2025-06-18 180516_1.16.2.PRE.jpg,467446,format=original,ok
https://images.squarespace-cdn.com/content/v1/627132feb555fb16cce33d60/ff340060-2d70-4da4-8a47-661622c95aaf/Sem+Nome_1.28.2.jpg,230_Sem Nome_1.28.2.jpg,325353,format=original,ok
"https://images.squarespace-cdn.com/content/v1/627132feb555fb16cce33d60/ff340060-2d70-4da4-8a47-661622c95aaf/Sem+Nome_1.28.2.jpg"",",231_Sem Nome_1.28.2.jpg__,325353,format=original,ok
https://images.squarespace-cdn.com/content/v1/627132feb555fb16cce33d60/ffcbe883-794a-4e60-8eda-f98ae7176348/Untitled_1.40.2.jpg,232_Untitled_1.40.2.jpg,330057,format=original,ok
https://images.squarespace-cdn.com/content/v2/namespaces/memberAccountAvatars/libraries/5fa596f3b5102d57d6d765ae/79b506b80cf746eb9159ac1f62a49c6c/79b506b80cf746eb9159ac1f62a49c6c.jpeg,233_79b506b80cf746eb9159ac1f62a49c6c.jpeg,1024770,format=original,ok
